Category1;Value1;Value2
C;12.398620082836693;13.85896723634422
C;8.839666524317742;30.23327786726191
A;9.710070899245693;20.262375801766083
B;9.921847743097631;22.44013007855737
A;11.581704852631098;29.025887441291168
C;5.08153239863233;14.292290926386173
B;8.525929380992878;24.87069083465517
C;10.243695753786893;17.16568408299121
A;12.320165808496409;20.140899188311582
A;8.76700486023697;21.46981327499788
C;5.859239317312065;11.248557900594916
A;11.101394036528887;15.937559221667174
A;8.46573898346618;29.781973800685407
A;7.301700015910242;26.76024272580117
E;8.48887468160223;20.592842747372973
C;9.412496748922717;22.580302480333806
B;8.530036204469754;19.087423713363027
B;5.168311280091955;29.817792007881884
B;11.683839013462979;19.697708244337935
C;12.477237586685318;22.506973598876513
C;11.168196181812963;28.449195936923424
A;7.410860092107885;15.947085348501608
A;9.376867778710213;31.13212969922981
A;9.786305238018139;11.05200083666805
C;11.057468218080013;31.59267385223319
C;11.20351502630797;18.577608704312166
B;8.25823502256516;19.422458139135667
A;9.972190668468478;8.71493388731087
A;10.760288849692007;18.043834337044995
E;12.85722687650821;14.241257548325253
B;11.27946373363192;17.05029875507243
C;11.457019043488591;20.10747872237228
C;9.97603591865166;27.225645494073888
B;12.76196420492736;22.349421784104067
A;10.660501871514946;22.99989824710724
A;7.991715388635503;13.879123972503844
C;12.747076937262902;15.275098417582253
C;11.265596872331958;32.69171261928353
C;8.869607555630187;16.221193274038896
B;8.79306476846159;31.76535363837242
A;10.4228086447956;19.42010220727437
E;10.772688070061928;21.014871584932777
C;10.214313757825535;27.957373541494544
B;10.453748214230059;29.267300742601265
E;13.3699104866104;20.27971835818593
C;12.05024061969326;18.47642015211
B;10.200334741656551;20.636517084605615
C;11.776752219611716;23.196723933508768
D;7.631699802592168;26.79347396465341
C;10.6356468048883;21.027494083461985
A;13.599543334439533;25.022760937150498
B;9.342103619676015;31.649338259761116
E;8.019968749899922;23.4785124797211
B;8.430613333954573;23.02574356403106
B;7.511770621580985;11.127079636914559
B;8.151999992931824;3.900254110611087
B;9.02193299296094;23.524442239996095
C;6.848309259724852;20.38364249667433
E;9.832798501294167;17.653912613054178
B;11.69478206495196;22.58294632721124
A;7.893712021691468;20.607375760220098
A;12.990496239647715;28.330571629120342
D;10.87266338590795;21.559720643683356
C;11.96421922981052;16.144998647043913
B;8.418547436910513;27.436080553235378
D;11.594502976839895;19.588648012849685
D;7.506938809169844;24.422488443869995
D;11.669519751756669;17.896830409746798
E;10.160862613566417;16.776125244266662
B;10.961827561968047;21.547093496207026
C;7.331251328187812;21.08338618303395
B;7.920353331219131;24.118875729884415
D;11.054179258332109;19.253802603486672
C;7.808469191129179;9.063661405492418
C;10.77273321340816;18.186969756675474
C;6.929010606433485;26.1598200364348
A;11.581165846600005;19.06705548491981
B;7.211701038986131;19.398507883655437
E;10.959829869126999;27.41144728838859
E;11.113824960656602;16.372174022817003
A;8.336779181297894;10.971779081421152
A;11.022255790877928;19.955897723084288
A;10.346928753000467;17.852869316883208
C;8.66843210199525;14.71939892160385
D;7.682035163439964;19.86004003665851
A;5.678486047487585;24.194786707104093
B;10.534265099329357;20.939624349809197
D;6.513914180139684;22.995376972460544
C;10.000222818826748;32.78715004035025
B;9.246758746227277;18.771287399875835
B;11.226199828420212;22.80926612519035
B;9.165704451071285;17.690113143105627
B;9.108159648671108;15.498661820734675
B;11.336928479005422;17.198100252784496
C;10.503621861076647;17.888069285109026
D;10.463927510083835;23.336592684056317
C;10.785461938597905;36.26899261355492
C;6.575298541265079;16.345717664207037
A;11.389256227972663;18.291935513499492
B;11.086184467428566;20.589700414776885
A;7.664965429989357;23.572692516613355
B;9.287431005284178;22.7130802777061
C;9.717454695981976;29.34662266066276
E;9.517556752756361;5.228451541521146
A;10.501105929793923;5.484955843728127
B;12.805870241845486;17.77679188193403
D;12.07171012811294;28.132451219034106
A;7.044339693794047;10.823287794563624
B;11.106346979642703;1.4503897919905775
C;12.590759971024362;24.712666140424858
C;10.612297893447327;22.583771954067643
A;12.091058892890532;13.913645355803705
B;14.025767935971608;14.593992595313956
C;11.949790046824662;14.696665822374616
B;10.32354805084763;21.718479563580612
A;11.994685795577983;16.928950704810454
C;10.104264449503471;24.211415473340878
A;9.850196390898407;2.4449266911214593
C;9.062030105001162;15.430462876669305
A;13.083168053547428;13.680649254078173
E;8.081299801521798;19.3337855905788
B;13.017972221824044;17.5026895698141
B;10.849714659854781;26.185984569322482
A;6.861457032915924;8.914310984209626
B;10.572063515281986;21.29569459614989
D;5.38994433393159;24.629186750876087
E;11.113566835345175;33.068208337652706
B;11.658986114276882;17.868521187892412
B;8.556052493130688;23.10898092829136
C;10.059450161506724;9.274891848344629
D;13.903730610875602;5.452284671965344
B;8.737931921049933;26.49103344258105
B;7.57629406718114;20.96385809128754
B;12.911493145171459;28.66033248368975
C;13.921433100114669;12.07288122169663
A;9.80776091088048;24.37936390693689
C;11.924072374357548;33.14731596353505
B;12.617099422614851;23.728086454322227
C;8.240783111669394;22.797779786341817
A;8.780857745727477;21.055614525358273
B;12.384836477624944;10.78927052868157
B;13.33852998528787;29.811224082117263
C;10.982049806366145;17.02942534126707
A;7.952389857645686;24.27914116648961
B;13.972828334568828;10.840277007286852
B;8.684961114594875;13.333512180699428
B;9.096210659539953;30.32806809494453
C;10.518909452428206;18.742535121774022
C;13.063736883501026;30.44629059427654
D;11.59334955075967;20.491500716119635
B;10.671217550760012;9.027664475773927
D;10.772905913248024;26.798439398256185
B;9.891380804151279;17.16569993458855
A;10.972092980488863;25.541477287860783
A;4.487923836841964;21.163870639010533
B;9.177124335953424;10.969731518371344
C;10.306776063325241;22.0679159749087
C;7.3828704243990355;35.27545042399319
C;10.611278967404276;24.204411980343984
B;9.370610435929146;20.62613460546449
B;13.48649896646253;27.989732112719835
A;13.1033414229512;22.36934502382022
B;8.821808304851858;22.361972496708162
B;9.48324080570994;13.904436380965834
A;9.644710112222377;22.52001216763239
B;8.851515100064793;27.73038220671014
B;10.209552466459067;15.56559601134984
C;8.207607655336062;30.25922283810516
E;7.425707796631196;20.403910843056682
E;11.107693570190564;15.229498174999485
C;11.122012126865803;27.48460849998159
B;8.110936904714016;19.13583746770125
C;11.68024640460146;25.936846768659702
C;8.473686768752804;19.103568890319508
A;10.33164699987976;20.611130067055626
B;11.522722426486158;24.208141328172896
D;9.729413614122203;22.890830874335037
B;10.754955915496383;8.0290434270637
B;8.7154977478361;13.711915689386453
B;9.387420174800997;27.0411649011403
A;9.367695195151287;20.14111217213994
B;8.232185472265499;17.59574653198576
B;9.428774257456858;12.169268900826417
A;6.547901572386133;13.981713911706986
A;8.768577131001582;7.858308840247341
D;9.201761463923692;20.341675328440036
B;9.262022519759702;17.110155726223194
B;9.292855363671364;14.717178708595451
B;9.67029518029373;20.557197736408305
E;10.806827187980735;23.365809100542798
B;11.636485855678298;34.605786559364645
B;8.43549302361864;11.172757772839113
D;7.273278203682797;28.535976781453392
D;7.611706734289484;27.325160146597966
A;8.776873865490654;15.935897194051446
D;9.060965232585332;22.321033704809203
B;8.183008260985341;18.0253838793055
B;7.078155005075223;22.206975772721805
A;8.842146262304205;30.809351587129576
A;10.18099590223934;24.936440512103534
C;11.049561878254687;24.305954426017372
B;8.629411588472527;18.202989420294823
B;8.932704573498789;11.353631677991821
C;7.853933551420648;19.64495663148735
C;9.73397774221297;28.84295300661545
A;8.01829986819929;11.07340893216729
C;11.00356840780652;14.141919106851482
A;6.049680366938367;21.820740285521442
C;9.04477768784983;14.599743898492793
C;10.432325412302658;15.84859759375112
E;10.18605248427726;18.24660921876685
A;15.455370694359043;12.123486872764028
A;10.534580051592606;14.668207999593605
B;7.691485346631779;25.572281459117505
B;9.599525081112947;12.502096415498734
B;6.069882699720452;10.613831125783555
E;9.630740526476803;16.904837633029686
B;8.050582280298407;25.757710766314
B;11.722319578676341;19.720008248020218
C;8.645965423349377;17.980222992248482
B;9.554791576829983;21.288332183851445
C;8.465328533050753;9.652901686412262
A;13.451587838891996;24.21558674953771
B;9.125390191152386;23.49232770412369
A;13.648369791306324;18.339494918377813
A;11.50971870044836;27.53850932667671
E;10.812340127404312;13.671275356805248
A;10.574339609366792;28.3314084561482
B;10.626974326254128;22.004208826369133
B;5.75188758337422;18.812408165791872
B;9.214344872283412;20.870821370105975
D;11.574831739487076;20.30277902222888
A;9.69731591470438;28.93183882671516
C;6.849101321712492;14.001585671438413
E;9.689950653787315;16.043624945547112
B;13.378621584136532;27.73596879847112
E;12.418472602622911;17.129022921304916
A;9.669791580331333;26.853465002655344
B;11.798043481821983;32.046333889556614
B;9.030335257227092;18.388332324879382
C;6.22186966766389;25.428855122739485
E;7.858621424927937;13.50100017129092
B;13.082066413867217;25.90576643744076
C;9.224614528158462;22.296255908913984
A;9.288893643312463;24.074748834041397
B;9.170339787822751;16.803781531769932
B;13.798686838103315;10.202957798813378
E;13.214513722260333;24.271138420871782
C;14.459438490241082;7.587879508883546
B;9.466005058159894;18.937221800423522
A;10.4208114263689;27.117682131729804
A;6.615050646216339;22.247335283174735
B;12.901562294848377;33.66422719113378
B;7.347662942337337;27.66320949178153
D;10.255228683901521;16.749660475883754
B;7.495664691971028;21.17753696903435
B;8.563379663848739;20.692090433461168
A;8.04174889479563;10.715851038250173
D;8.523461952580783;14.887407042851704
C;8.667842323387145;17.35505410463091
A;8.648635530657339;7.764566731436412
C;11.550001214738646;21.30870754363568
B;7.479788134568708;19.381033009755235
A;10.263136996729122;10.126189641474767
B;12.357714219841673;23.62738362430266
B;8.72228763452187;25.653172840491237
A;8.292370329430037;22.475724112621776
E;9.315898287121474;18.893556861141693
D;12.277422937557493;24.844373986387055
C;10.207626025002051;25.42143234309849
B;8.684449981324043;22.998123203177975
B;10.816140967494885;15.640020372174053
C;7.485186485343512;22.797904975822675
B;11.230854971930192;28.770624230365613
A;10.658075346173712;17.121911119023753
B;9.153602210608344;34.636605704360804
D;8.038969823260816;17.583398929095
B;7.93797006320474;21.210645586710886
A;10.923116406326413;16.628843625958815
C;12.380859055227031;22.451260433481696
A;8.461653731239531;9.675558997870711
B;10.762612077458117;17.450728307691314
A;5.417243260935656;13.901212197734313
B;8.572302765619881;21.87969926129989
C;9.734776240971106;27.4639079408079
B;7.8896648243381495;25.199040216244583
A;7.833336612941849;5.5842141544172
D;8.39766293141534;34.27345274403122
D;10.413604729485385;22.919319614035643
D;9.406609061346614;15.952755586795497
B;5.099714410017559;22.021331473441116
B;5.346529679466362;22.1452338462675
E;8.525583126499932;16.665483339814834
C;10.76114183071246;22.28645833772349
A;4.030239830277008;17.051430130468002
A;8.750566630081575;18.371647047514852
B;8.694879501313416;16.53918561759195
E;12.71550933423774;11.687636616692258
B;8.991454195402987;21.947937056399994
B;10.604276867955951;24.804446337356197
A;10.096639994183674;24.34674337449642
C;5.325810392404879;26.32951414212902
D;11.41323515492665;23.108211365096643
B;10.252332661458205;17.537284261590127
C;10.867364143316639;26.457815118802728
E;18.045099183516285;12.176135991027422
A;5.423362827052965;15.145636013668879
B;13.42186296449833;14.73269953574891
B;9.196360209259254;28.020364384405518
C;10.40339069924632;27.12812534191049
B;9.704424284867391;24.167484040792466
C;8.90910369986411;27.96754412387668
C;8.603350850698607;15.284661914322077
B;10.49196834470332;23.265868279096374
E;6.613935236989475;20.186366215509434
B;11.376216251795709;26.50473367525194
A;8.925991749740968;20.251042488410715
C;7.426854388015249;18.49787122533447
C;8.854972998208792;24.515905370646436
B;12.440013355411404;26.695099586743012
D;8.675796317265933;16.65575623349579
E;10.552752598240204;20.603008136209557
B;8.264991820997507;14.120135881329258
E;11.391635884839602;4.762603386295893
A;11.23956625145943;22.302987604189237
A;13.682078549922466;24.957884815655106
A;9.431315714451648;22.703434259063716
D;11.204175089991605;8.327848834596614
C;10.005941833031784;18.719478704502915
A;12.521330741912331;6.580739559667972
B;8.290451986021667;29.9030571997522
C;11.36451115704229;13.94064521623244
A;9.391135678154969;29.160123461489327
D;9.665204828072156;27.148152683946947
D;9.992680217341583;15.1461627085156
B;10.329704832496024;13.636897816759657
E;9.555919009443889;23.277406406511197
B;10.250897684658106;15.511893758310038
E;13.114047920880589;21.66615017402835
C;11.86944433979196;17.86162065975503
C;11.625224644243483;9.422470305973382
A;8.843366995349871;6.501957875691016
D;7.93259426072052;22.47344761521488
B;11.806131172299281;17.349874648850935
A;11.63969826431257;17.404916190058138
A;12.892608419077064;25.523114954109605
B;8.53164068546462;28.627374798110893
B;9.317947823743271;19.22845931114824
C;6.357083258696589;18.7861084050859
D;8.975810677272168;24.250929715240243
A;11.89279807221684;12.17991879695276
C;8.820359703620785;22.45049485586003
A;11.14500756992173;24.587258816844002
D;9.399943477404596;25.42149635471459
D;10.480519759265277;8.411107433733978
B;7.389848081387099;16.051190746241886
C;9.978939844231192;15.291288856647467
B;3.5186144611084815;21.649265203659883
B;9.407518067859833;24.124839768491896
D;6.376006188198206;30.72861764839888
B;12.332588484748314;17.782724377607526
B;11.432555440805475;17.76577876099011
B;10.780009062128771;28.472868122711855
D;12.994113077034699;22.927750100446982
B;7.807275306267842;29.23973482272183
A;13.469462715622672;22.876732019563935
C;11.75760228494681;13.47874197836374
D;9.303233896840213;12.334665693944258
A;12.184802309084183;10.915170381116962
B;7.476783623935569;25.303336925930076
A;8.068520260791885;28.725879350065554
B;8.52196158119663;33.02085391901147
B;8.68914681306557;26.48018466010106
C;7.58122895020347;28.558450753977407
C;12.368474440900183;17.22989383775105
C;9.256405759223354;13.483297191164931
B;10.540260433549449;26.525515660714095
D;8.60226213053127;23.714924889556105
B;5.976733068848114;21.6983884332158
E;10.367120452621988;23.517914624114432
C;5.784264551618469;23.100705635978336
A;9.655868503220516;29.344809589048147
C;6.9265384184510985;29.417406301310212
B;13.973279598384698;24.537432290212255
C;11.713861716566916;26.497718671659033
A;10.02208296167011;24.341406590761043
A;12.453784023074805;18.002396741774977
D;8.022736447321956;25.91767038693541
B;10.941306695207196;11.9357820524148
D;10.219601910809299;27.85029508992324
B;10.354442170800708;13.235600891520772
C;12.471942350224214;22.857721364165766
C;11.338233415837585;15.506499270229966
B;10.40631969193255;24.597028389983773
B;6.324736383920579;20.779486031468593
A;7.783902779913127;10.63408627193834
A;9.54231123944898;23.73454760162011
B;9.996081985980968;17.243514950587382
C;7.4265721781847605;26.7274536852869
E;14.864521018714687;21.00861697677365
D;12.984427516032504;23.57023640502225
C;11.064448472824216;14.775801792401122
C;9.951277408695864;17.169340495722146
C;9.354361163207582;18.01884886534295
B;7.800971233953306;26.568566121576612
E;9.962709088889612;31.902951070735682
C;10.341280334299777;15.766383613671305
B;7.19230279148859;27.999512940274922
A;10.501770476214286;6.897096784782937
B;9.473955997468028;13.23776889290012
B;5.7936041284574795;14.767940034785964
D;7.993191477363046;12.208693518635306
B;8.931428379814548;10.70667546638073
B;13.7641440804144;23.684492928895683
E;10.968761561520893;19.6085599647689
A;6.995488704890229;23.466135084433212
B;10.820676207777039;25.488072459789834
A;6.550661623229432;22.72651045562147
C;12.073651213162854;25.27546064497743
E;8.810638231182455;20.54804013942525
B;9.603364003647743;13.28454297601266
D;12.5841729598386;27.875792175335175
B;7.0969565059730755;17.170771136922674
E;6.866051811262719;14.918624058044232
C;8.574441414673391;19.843533807271413
D;11.980595587140566;15.066729024572666
A;6.6093732414986315;18.28670251706869
E;3.8524732439678058;23.236350490162533
C;8.852566397341104;23.264221305099824
B;10.958655679812933;15.164104568233409
D;12.320549674451541;17.82991507583316
B;8.827361139620663;27.983164531006583
D;8.936004125056396;24.226600765270618
A;12.22319154193707;34.487922755765524
C;5.873542430639617;28.67083312931993
B;8.984106372115681;28.437904945639602
A;10.199890168842622;11.978854422037287
B;10.743359314698573;25.965092285617246
A;8.729405944299147;20.65480578897008
B;9.872326124582267;17.41861827700138
B;4.574512557832723;22.092099713461437
B;8.41767833409892;27.143874974974644
B;10.752368296364383;24.255405341527375
B;7.737182528065174;15.28992029127661
C;9.923866865338155;25.825982938352034
A;10.738432251685667;16.855680976506235
E;9.080646678198693;22.40844027326786
D;10.1579739190928;19.028224561398627
C;7.778261612902314;19.577369363718432
B;9.366116312638303;25.980579337763313
D;11.081453956137368;14.238740821196664
A;10.129643218033713;33.643767982800064
A;8.568284333915736;9.162940549585773
B;10.270854449010667;17.11516005884343
C;11.300680560336898;23.406377284621318
A;5.495123314987297;24.798042081829514
B;12.234055536407386;20.346907816283917
E;9.09386504876975;20.626960430489973
D;10.693528859804484;23.66857555462951
B;12.314218539654979;19.49804839652508
A;6.919485235816023;30.05567817657689
D;8.310173894902153;26.455769242505415
B;9.19404773866102;26.673358281536625
A;8.154117605638701;14.71998129809229
A;13.443366809257299;20.48397524136293
E;8.000778602963736;19.046971333315426
C;8.633351763077581;14.463591058018473
D;10.229216966366252;23.341067195647486
D;7.2754859952402136;17.50530257443119
B;8.969070505311846;25.26012489402654
B;10.466651848625368;14.043754841186843
B;9.100993150796727;32.17376398347184
B;9.60388759631011;15.1738377191516
B;8.688402563858421;22.425465191802836
C;6.61961235072039;26.147085517522438
C;10.475345743812401;17.29083720369927
D;13.485359450459208;26.54104618231418
B;9.838643424645221;13.010306614297296
C;10.273054646219855;30.43876504468664
C;11.254717785745406;21.09197022227743
B;7.134405957251932;17.12332584820228
C;13.375280782072172;19.055318479221675
B;10.224890472487886;26.257975251052677
B;13.22689948808713;17.201040602972153
A;8.260630709399623;16.129175018751944
B;13.617930037371433;19.560012115705703
B;11.427826537473045;13.349746266995208
C;10.961384180289954;32.8335354016218
E;10.29145135414161;17.3184351571043
C;9.278089902043657;26.405509110172623
C;12.321116482795134;22.361555543710523
B;10.0947557266809;14.600528671867208
C;5.669153622466981;20.96129439011726
A;7.453908430415296;26.096018065519864
B;9.409723920395232;19.77630132193901
B;10.450997864647666;28.755234148031683
B;9.68116417331022;27.639850053082114
A;12.359838658566694;26.97294655527914
A;5.702686085518889;18.01223098022552
B;10.101534666660838;13.981024089420334
E;5.982243626686976;17.011680565141837
B;11.395395820516754;22.27556611433368
B;9.601636699671795;24.54761363796031
A;10.681180941250648;6.88478586905709
C;7.985845782761492;20.947264189523622
B;12.486876356481279;22.027579964600697
A;11.987621794523589;19.195962333948916
B;11.025443036324965;29.393279953603212
A;9.528013781586775;23.74157048263066
A;11.017700299119777;29.51624740252583
A;8.315525607226569;19.59625661772349
A;11.596666883943495;27.093603701295013
A;13.263909878080234;31.627931564428877
B;12.048282175956292;29.526007420272297
D;8.267834813404441;13.901079642713235
B;10.558976366273516;19.351105495974522
B;7.08440275810684;18.756429414576324
B;11.00201965346892;24.18015447799613
E;10.746267167011332;25.461298107594466
B;5.873385686982456;15.547197618832714
A;7.360253927784036;21.440950340460095
C;9.20540831683809;7.870472340985113
A;9.168194531004266;30.372642537712284
B;7.26009843562051;17.669567435601493
B;10.616855331639586;21.36311560898923
D;10.328094578775076;18.987276859077603
B;9.39203482284511;28.4491792375872
C;8.212837849667439;2.5562081309170352
E;12.002284965474784;20.892032774881592
A;13.27635493748542;20.312178076264964
B;8.784520883922273;18.05136348065406
B;8.514449473974878;32.22047254663161
B;10.831536097365193;15.232358517437486
B;9.04813830253133;26.016675152031798
E;9.507265878607209;23.315643126589542
C;11.353271618621811;29.199875141480852
C;5.790352216234686;16.663270948946213
B;12.568434882190607;16.235702155695567
D;9.952629101091617;28.124454398603092
E;8.935864396419422;23.764588504145717
D;9.612608276134958;10.957907246601069
A;9.72110164554309;17.49451740598874
C;6.164477262765658;23.511487250012397
A;12.939370277651797;26.44546744005283
B;9.8867838277683;16.58500075424579
A;10.730304473939489;2.057336066189883
C;11.798254518205491;24.400950707290715
C;7.65555883912337;13.067915515364158
A;10.79429098797398;7.887297812204327
B;9.237953709112535;2.5898814876030833
B;11.578218627954637;26.290875591285317
B;5.33282241726186;21.83601342763228
A;9.591901969493335;19.533233525370363
B;8.534076622853682;30.028658359257953
C;10.707752196331727;25.14261043964997
A;10.787092793473224;31.505950277692456
A;8.313985620873746;11.947219430914522
B;8.30443488523031;20.77542094429924
E;9.567602726029609;10.491363062837907
C;7.917051322638064;19.509014842939465
C;11.568165760449467;19.383996950516597
B;9.024664879060364;25.07298864220996
B;3.695324739424554;21.29616522742234
A;9.012873681094208;25.052146398819453
C;7.6190579762276585;25.572360865402814
E;6.374320787532016;35.00703640299042
C;7.201404059732599;18.950571740640193
D;10.029757790849239;14.883352445668535
C;12.590145739321287;22.599543499556656
A;10.457687395116459;15.785179823592967
E;8.526342884746947;30.632744994837484
A;10.757398809858476;19.159082746855987
B;8.835910348540118;17.32375360881906
A;8.341339224757396;17.936447812517734
A;7.3758383967107335;25.669713252565664
B;6.121159505821391;19.974644608995344
B;8.981160216225165;16.829165669152516
B;10.131912328832277;31.82478746455295
B;9.597090292968732;15.434896035698625
A;8.926469451310547;21.231179481214458
A;7.81393327253676;25.239989985466497
B;11.077317002538434;10.396321782289023
B;7.034022968112172;24.12169325913851
C;11.429658619071299;14.14180010937708
C;7.695344260253878;26.348088075421018
D;8.219886001558628;14.742768422526655
C;6.719751099707079;25.502998707017593
B;8.747055491540163;28.187914930915632
C;11.848156162803757;26.59933741661323
B;10.88281898573231;22.633558213547666
B;11.854686435258873;19.496543870956955
C;10.896499346461265;17.253272753823516
B;7.482293360086225;30.561725490311176
C;9.10534262891213;16.453281068910318
D;8.161581828853329;14.259070521795024
D;12.594207298481985;25.324898077713396
E;7.286743842504746;15.82511077928778
B;11.676765147717134;14.824587266470173
B;11.675203127228416;11.616572295896528
B;13.642202423603784;17.861086043506635
B;8.939658155478057;20.462352344672794
C;11.29587653511834;22.580096229794542
C;14.59146885673157;27.183490587946643
C;8.502952478439237;24.42483650382766
B;6.576415480182045;19.759330572904332
A;5.851978928793697;19.711728103531822
B;11.296695260608796;24.316023547948692
A;5.8453845630769745;29.2717060590357
D;9.018129988830363;21.8210422966408
B;10.718357692781819;17.95064944763234
A;10.18886862734282;14.546370992943954
A;10.693434214786762;11.606165781320534
C;10.266808697181794;25.3307528682829
C;12.485618207958126;24.75686040365712
B;7.800135600448527;24.7528629131933
A;8.378310209237085;20.163713598711638
B;8.17741516493127;30.14507584829638
B;11.543402804911482;17.853229785198685
C;11.690837035629634;27.209250041846836
C;10.747573170568868;20.74817118256797
B;12.28533670046885;17.045720029584306
A;7.326114178509601;24.85144699756545
E;13.301170634257389;23.66263477144596
B;12.998801105595742;23.32032293523502
C;11.34480619421607;21.52830974336529
A;13.541777708419227;20.7536949688406
B;6.321091263876676;36.52441795365785
A;8.698658913848432;28.697668193775122
B;8.2558627325679;25.698374817405828
E;11.315106579890422;21.726694528322025
B;7.594704446835495;27.54652180387835
A;11.39073981360872;24.366966046544437
A;12.678125902393099;21.17033089303123
B;11.2599260901764;19.026831885771553
A;10.395877149689152;20.474037305192528
A;7.725465984108427;0.3922327167926376
C;8.021612971136735;22.36890545543467
B;12.424199701123001;17.824905479282663
B;11.436632908201199;31.352354988838748
E;9.718059009307158;21.125736460276404
A;8.922389953891631;13.271737773022748
E;5.545803466466109;20.675778998167235
B;7.551209920762679;14.200212947093721
D;13.813980082993421;24.07714820213103
C;7.111043300894821;22.891157868206655
D;10.19790762456427;27.22595760220374
E;11.915632343709918;15.859268353985325
B;7.164662397195187;21.221052625482955
E;10.187891997040275;12.12735832972687
B;11.769622628772376;25.559716082510644
B;9.826248576005227;24.372662672860795
B;15.823646416900214;24.22273263667921
B;6.295941556355791;21.010523703820116
A;12.023329912756147;23.696023790127143
B;9.437116351467425;31.428204204005876
B;11.421032325157018;19.14688732922691
C;10.726745018568417;21.90119369411555
D;8.260371986069007;13.940179055320836
B;10.280892424164616;15.35630374961084
B;5.898406952063597;21.635786405106497
B;11.066819751199928;28.175568053562397
A;10.426132778580104;19.33417464236478
A;11.141186354150516;19.466542559471193
B;12.022048482683015;18.355245910721564
B;10.572001664440393;17.5240816395119
E;10.11098778157638;22.917314462107342
B;7.949756493011287;11.26782530633881
B;8.304336396336993;29.326107248333727
B;12.292142702372395;16.674755062158507
A;12.816304351982556;25.692372655347917
B;9.299968083744687;12.745009116939807
C;9.896605769231876;25.34746084855042
B;7.9003098125130915;25.367639950794235
B;12.262789375061635;23.497313468038328
E;11.197375329752736;14.53621460830135
D;13.876556616573874;22.6220632323875
C;7.955521537922549;13.310134799226471
B;9.006183412061745;19.357038841874797
C;10.286036437303702;27.69118515620962
A;11.157628029224119;26.178562525959823
B;9.347097961149974;21.098689126512816
A;7.96678171004723;14.663757256501528
B;11.6509558107395;25.196320129132257
B;11.314384261345722;21.125978045037165
B;7.875824388816178;5.917948611502249
E;12.646429882321542;26.08709387105737
E;12.257417289312869;20.842486579847
C;10.082022644220366;28.81593311188997
B;9.967155510989677;13.880741627521768
D;10.963521319343405;0.3514252142259977
A;7.990423552461858;22.814045079243705
C;9.863066106244574;22.895163898432823
A;5.279994556320721;10.010634420558063
C;11.640556855556165;14.63975295186706
B;6.520864232872096;38.90891533417936
D;12.957181639700899;19.013531008000278
E;9.106747802670455;25.751233346445403
A;9.35549933794453;16.770711122105507
B;8.48175879722254;7.413031157454482
E;9.19511836476364;19.893321395826614
B;12.778915824810877;19.273570358140315
D;4.575601821276334;18.400791448655585
B;12.481627310785194;20.254834569208448
B;10.509849310313587;22.71774376569664
B;7.265254539499848;20.024239816850258
A;7.541843974596601;12.783959908342135
C;13.320425357137227;24.1602011451526
B;7.8144355521202655;8.329083590404249
B;7.377963927748485;7.672676527652698
B;12.188360538965933;25.804673215560193
B;10.51096104020042;24.29563176887982
D;7.830356289273563;20.626930127018767
E;10.254912448349701;11.929584719092032
B;7.645919364355418;16.398578885618512
D;12.111724936687471;19.292146140037723
C;12.028879026233582;10.626689204268263
B;10.91721301752608;16.196313722848984
E;10.559488228618736;25.24014719814842
A;13.498495062221487;30.277484867879906
A;9.799341287515274;18.273674107719422
D;7.3180643366163185;25.91717430305464
B;10.743895216947845;8.558609541181463
D;14.18069880402794;25.286433067238477
D;7.669005064309712;15.774335304271373
A;9.04092818994263;22.997746508601807
D;10.674536680013052;19.38960928144189
B;9.686799817087948;29.582691063594922
B;7.7371624812076405;15.316168285790532
C;12.15590149808399;25.0794409341519
E;14.672085516236246;19.183201488572532
A;10.211876063950205;19.971014392937185
B;7.9014565915544;19.804949694465137
C;6.547182897387703;15.503124820788265
C;10.34174956056448;20.908356721606633
C;12.118142420964142;20.59278655620816
A;10.797852267640302;22.56806161464374
B;9.794951934070408;21.549283447003607
B;8.562529531242458;26.186964572479535
D;7.506456371292012;27.002806004307896
B;11.552977785282254;14.170948408119292
A;11.718920404909731;26.647021253840013
E;6.553967447949461;13.288813223785947
A;13.138661854179437;24.821063272895277
E;11.005549563877404;25.028302100568645
C;12.739148754806166;8.576440204193723
D;6.981531728181259;21.604365102441164
B;6.931769273627578;17.95477526315795
A;9.487164449488677;16.06802582342006
C;10.855847296479908;29.780540149543533
D;13.572357728146624;16.751085585856778
C;11.282765719011778;15.758549960732676
A;9.290369318694731;21.492017110033107
C;7.644624663901627;25.45633335093971
C;12.383001202710215;20.079284190934175
C;7.7741186059234995;28.581408546850138
C;13.219783965021875;24.45134180276659
D;9.202792235826331;6.841626421745703
C;13.140222352497487;17.558464737204446
A;11.225755709124485;17.348026354213957
B;9.512309472170838;24.115846197291244
A;8.709267619165136;3.9386891335682748
B;9.084093457573234;37.568563106665195
B;10.699465053988;24.451669616812367
A;9.962028642057206;21.96769922546499
B;8.55299604305572;28.68019015672445
A;9.452174038332974;36.233751343282066
D;9.965011762410215;26.65985318982462
E;5.329658401728895;27.16728512706553
A;10.762153041056267;21.849485159018485
E;7.742585428094706;20.080082603114835
B;7.378001953267936;17.90732961396814
B;6.256576871067509;15.630272053855476
A;6.032825754477431;16.534408351953267
B;6.953560243464193;12.221386231770609
C;8.311055988975971;20.50683557054735
C;13.901844188805793;10.049660748028487
A;8.695652680620073;22.24095740693412
A;10.173275223162866;20.763851047724778
B;10.64101091166329;21.955079439513472
B;10.075236891053283;17.606144794870048
B;9.637368732475414;40.99959240617328
B;7.289883096441587;29.840753351172033
D;12.846947851386346;12.910473749449302
E;13.59511295163956;22.51364256827484
B;6.2664167423423605;17.047960070907397
E;7.649539959138604;14.40588177640181
B;9.212398281008287;12.289531537694423
B;7.774470630688599;23.80940848993515
B;10.862527662257317;16.57102847204777
C;8.270628374946114;27.290869156163826
E;14.346617742393866;27.45958439444785
C;12.300152048121554;29.93044350387442
B;10.246405464327651;15.459486020518327
C;11.956671152971438;24.089876469498066
A;12.12239089115035;25.110952408174956
D;8.61571027507769;17.91784186182423
B;8.085943786461876;15.983482276946312
B;9.964100432236261;31.461884327543824
B;11.609435861445682;22.47872319225835
C;10.092026837172178;25.133790379626298
A;6.488307387398907;15.656505923118472
C;8.114068667703233;13.074650967605741
B;9.644656986451807;17.298576465801283
C;9.641102230915758;20.19386098196502
D;13.942338571258599;14.082569955687234
D;6.889425320962104;20.93600874377251
B;10.861737407855337;10.02471627755475
B;12.927137527489409;13.719691753945831
A;14.570044465387873;25.36092311379969
C;8.950765411313682;24.92463838180631
B;10.83200185071242;18.45280102498537
B;10.99649675011716;14.384531990999806
B;10.210511636261911;14.321876915080928
A;9.592425077397458;18.57375640138146
C;10.715548317950097;25.189370195694394
A;4.482283221038661;27.033596993738108
C;11.232345929131526;17.7725437193672
B;10.064973597690132;13.502299231098906
A;9.332802716765643;22.740983646131166
B;14.098410611011072;15.647022690931978
A;8.38263856053984;17.631357847402185
B;8.953540422963435;29.614294587840746
C;13.982261934629943;26.376250285677493
A;8.052671259815302;22.026833029634435
D;8.64475790583327;12.732526492767303
A;9.491246610795216;22.374077688559282
B;11.565542412472054;27.907272390118923
C;10.236385265441958;18.55838117252402
B;7.085486770980249;29.78224158491365
A;8.682446017432902;29.402844381868345
B;8.524555690254356;31.814263408932575
B;9.637835805031605;22.984080322453796
D;10.694271683122642;24.81804604873908
B;10.678232087364742;30.192217374152087
C;6.070375316498356;23.90806059094834
D;12.034276073877798;17.741978299363616
B;10.33039457659291;18.0844715625689
E;12.707517299947204;22.550607199529306
B;10.732816487310412;12.611350757349578
E;12.112778211245102;20.068817050132747
A;10.779745154045267;28.127556268496647
C;12.627074088025772;6.756849967425673
B;10.896726335637336;30.974133661664347
B;9.594377982469902;28.29543242157054
C;14.572112912938453;18.011529997101903
C;11.666977956787774;24.532040381166762
A;11.004863284109268;21.020460224891124
A;7.119760725269495;28.99493739485144
C;7.0945540033265715;27.387440428004616
C;10.414702512497893;11.89954029931044
E;10.105594515313307;24.81720568751715
C;8.510342613482537;19.66341895131889
E;10.096063669185327;21.53841170836765
C;13.136116548891552;16.2668826436962
B;11.260345196555628;32.36289094928543
A;7.40388212951925;27.760401829366742
C;9.56583146299982;16.191487434175713
C;8.109570390209623;12.325031055083489
A;8.985830175542022;18.493127898643987
B;8.93140710217775;23.824267199593486
E;8.79694427653159;22.56133798565045
B;7.164215718855871;29.14536336099358
B;9.531925168811801;26.13447819417554
B;8.62272396262065;27.302198667393895
A;3.648157750995238;23.12456010396784
B;14.111241251453492;11.969558253628563
B;12.086416273855011;19.72795954754514
A;9.00976847765751;27.890583309406324
C;9.839520004455258;20.6651009645898
B;7.339525870633121;24.270087396054354
D;13.361018043402819;18.928135950900135
D;13.784306259023534;14.306222984478008
A;10.129056829317703;20.19826358370028
C;11.949414352789224;23.00880837971225
B;10.168102235761241;16.738029823500618
D;6.992876578360546;19.467876908431656
A;8.93517092517632;14.893488927091113
C;10.07704873022111;28.275091964166624
C;8.845449790638767;19.08603757567778
B;9.340828117386424;30.44291104332019
A;9.608060929230861;30.936861028515906
C;9.630155154482532;20.473201229308664
C;9.909742830044715;14.445083238442226
B;7.572729360567139;7.441663794733309
C;8.294266086831335;11.431759025325855
B;7.102373042030065;12.07007363815871
C;11.853412654341021;29.96005257849978
A;5.378141422135319;21.75285981697515
D;12.222539720965544;23.53242940659792
B;12.711333734251973;6.567263441921682
B;9.165420767336496;13.213218210087799
A;4.333412115562673;26.766018546900867
A;9.04124781986869;22.86403173048681
B;9.66521326129348;20.043165688543617
B;7.677743738149283;24.671475330900797
D;8.718041373002691;31.632685739882795
A;13.01340991761304;19.56322398700917
B;11.196347040833658;21.450903717277452
B;7.85841535980599;22.251879971753482
A;6.445041743849593;36.54871262928095
A;9.113263633019482;7.354184281276334
B;9.35174076336408;25.440949596127254
B;10.842018293462965;20.253785383066088
B;8.675834903607917;24.68401622019717
B;10.87414910825991;16.72707839903429
B;13.863823484126481;20.681727299420075
A;11.512552147132952;25.62416876652572
B;9.699014134605378;41.23391630678496
E;9.415384010788081;26.252235231113463
B;9.050986418222271;15.487573612801693
C;12.279345916149504;18.24556206685243
B;8.482641763502265;18.05280829550495
C;9.894967688899964;9.328319377904903
C;9.90751559395028;18.85441375394066
B;8.746253195095784;25.763389031841342
E;6.917822349443389;12.717491226000831
A;10.478246457597104;27.81513723182885
A;9.671891659103695;24.170536337048198
C;10.850504985816798;16.227483407188252
D;8.67943935647775;20.080057357303993
A;12.363724727507401;31.389091749666715
B;7.958775059455126;25.76806078778813
A;13.395284596437575;21.05709375683796
B;6.129963329360651;19.455058439753603
C;10.713017135569473;21.497958957935786
B;10.79840443330591;17.673536873375028
B;8.129330157324148;7.319128212826405
B;10.691227269508127;34.274156418475755
A;12.486989206496334;22.00961249479611
B;5.144680437356465;23.587957223296492
C;10.855764095730711;20.623599625800093
E;4.564131277306838;16.221740795290177
D;7.772103912601263;19.79149087383299
A;13.221249366291985;10.603934045736978
D;8.578257729876688;35.80106223734648
C;7.334852074741159;12.975672010254426
C;9.384330769132168;14.292219154993333
B;14.14260331014346;18.138315171488397
B;5.953467280867345;29.372492211540454
B;7.592249185557377;21.09430849520725
A;12.944606534677217;12.965117325801994
B;13.701174921429239;29.153199344922704
B;9.582794428990404;25.75150407410563
B;7.197989324694051;24.49982722190694
C;14.201271353799235;25.652272567610463
B;13.148329022673314;36.56335235378593
A;11.22578867430069;35.20311681773473
E;8.093955067231418;16.53635027047858
E;9.697038384240123;31.555252453272487
C;9.463243829805856;23.490593233432854
E;10.494787739692715;24.244122804895373
B;12.847103020075807;10.000239594318364
E;11.646775786388547;19.892492524976728
A;7.5375102383320085;15.716646662812327
B;12.69064254504103;26.38238229680651
B;10.457577494027626;27.96202325261823
A;11.242838171303724;7.515838718393976
A;12.879735804485067;20.856773383972243
C;7.465681476021543;28.29209978116264
C;9.724766284716429;19.78658674496261
B;8.68394544214565;25.738913692515368
A;6.507495206732543;23.282575539576047
D;10.528090952970333;23.22079150769207
C;15.07426875832729;19.236452642556067
B;5.93583673653792;13.092224773117888
C;9.732210716796112;13.710054041737322
B;11.145140163657025;25.610791343959562
B;10.058464223477982;21.126478660872742
E;9.562431089716945;20.09967041005304
B;7.071645636763769;18.244714724904707
B;10.288852160174343;19.016272504375113
D;8.210795648266556;27.804926664172907
C;5.201164419545038;18.820913467857828
A;12.308643663078836;12.283079363539803
A;11.81261022166829;25.833736541011127
A;9.908488051387268;19.66830168487934
C;10.281056845231976;21.204073125963045
B;12.05606782670268;31.449258991596817
A;10.271113279233974;20.866356377221702
E;11.698436864998762;22.879693875271716
B;9.175287378164915;13.336997306560885
B;12.555165851005288;19.57214855971876
B;10.473650024458637;24.961919293855907
C;10.207509081572336;10.890070730031924
A;7.132871713704733;22.30549310525211
B;10.402607294033588;21.65514197219124
D;8.052894673261653;21.268368461318357
B;8.459606274290163;27.74153284127858
B;8.087711180536147;23.17385034651539
B;7.560906643011628;30.607467339316884
A;14.26201994633562;14.541668148638765
A;12.595812030175647;21.88350968691926
B;13.83277175450295;21.54903411153466
A;7.231920458933317;14.04984579059198
A;9.949632874812876;27.21591751359375
D;7.0836339870714;36.110376488043315
E;8.339040757886167;20.8894605158551
C;7.871933334825194;24.282637073779483
D;12.40312641352728;21.549370092799627
B;8.967917675986305;16.36169964560336
E;12.043596600757436;9.165058194286894
A;11.068653868135888;16.412472359880127
E;14.637641379420057;11.952270523813747
E;6.693167131406581;32.07666350738427
C;12.444389803552278;20.251786989498946
E;12.207525827841529;18.75152436119339
B;7.755904440143228;26.77949986112074
B;11.914980006593636;13.708617831436728
B;10.505904422355082;16.015383752970408
B;9.322299854097844;21.442469750116036
A;8.069735477358801;27.686998444252623
C;8.28987015195671;24.260952793597124
E;14.104605401150446;22.614113426353235
A;9.801433919810714;21.507765279034107
C;11.442473003216065;23.601533060924037
E;8.13911129849814;22.310743883340155
E;8.162308812934558;14.305180213949917
E;12.072168099424879;21.299514940615484
B;6.965889955741783;14.021023717034609
E;8.92805108739893;21.527036528855355
C;9.871457563251688;17.87578838032643
A;10.03388246386411;37.5059805480886
B;9.423904101466073;20.740686505613873
C;10.63122154030144;11.872442819299673
B;11.254997087217404;20.12782863059999
C;11.342738845464593;24.37583184664627
C;7.729812001797565;31.8768656499914
A;9.203274294349526;17.16855940039833
B;12.309002009941569;10.71421816884634
C;11.678759093905132;26.309440574301377
B;6.9169951518897665;12.026108411652267
A;10.538107790739625;18.164989630201347
A;5.645726976312899;19.32546684417854
B;9.898563294326777;20.547382553549298
E;13.785310735166552;25.47956897098318
B;7.80942529373513;16.55637716513848
C;8.047921604467678;19.220759860916054
B;11.404462541303005;20.907242705828974
B;6.560116818059744;21.972386723872123
D;8.471214437241418;21.635876635601498
C;11.052526388921681;23.834037538946767
A;8.467999719852255;26.484956812671292
B;9.30446302685696;23.552121751731292
A;11.362789991661574;23.94830590280992
B;10.68524677542678;10.715549416147896
C;10.360318632220345;21.326480044576922
A;9.087843213532919;24.116799062010458
B;10.577128342064807;25.738117764707926
B;9.540161371790512;16.49971996748034
E;10.761391780844148;16.71624471322381
E;8.756442747252246;17.26834561065661
A;9.416605153802964;24.48669034929373
C;7.721088635640772;27.720226857007354
B;9.726484018986906;18.35150930260459
B;8.096898186379427;26.901755038575818
C;7.460502454659815;21.802618759569864
E;10.343188410496316;20.192142448444166
E;10.246753529301088;19.6260025061832
B;11.444034843392004;25.85297386991402
B;8.894636303892293;23.116255809115955
C;10.656910978357187;35.792865279709645
B;10.956674901774694;15.460539820517393
B;10.73402499644635;24.36766106319484
B;8.066127266115503;17.560193436225166
C;10.113663312769498;15.349634584573815
B;10.56469462171479;20.92936360927268
A;9.815074780506679;21.892791116145734
E;5.418396917420723;39.9681281078906
A;10.137028210344308;19.803052198059188
B;14.44631518273421;13.653838258349557
B;9.043917535610337;22.774569663713507
A;8.271038094503826;7.514839755948607
A;10.584031975393938;20.40228091307227
A;10.455994241979802;21.104164334918543
D;12.304743847374471;26.164902489143874
B;7.158476872591336;27.328544621281004
E;11.335898530407485;17.726797477099836
B;11.039886328628073;20.021008904905436
B;9.501492272424853;16.020214601030638
B;10.511243367635549;13.66759339374999
B;11.96186071135655;23.014316065974125
C;11.631862298059746;12.721693934122104
B;7.39965944464517;18.30492514628289
B;11.522332192186518;14.531369260654957
D;9.664153929431713;24.572940710886687
E;9.953035605832582;32.709295645232174
D;9.95371368110356;12.539678111778347
B;9.484489723523655;8.9553798611658
C;12.302585743924837;20.18823524522456
B;9.624192284316656;21.102035673725428
B;7.4489531303953465;22.421285493922436
A;8.97358730246357;18.098916650976758
B;10.175258905302;19.695844557634693
A;12.381351047023806;23.388817668513916
B;11.066498838392551;27.762800802191453
D;8.013875914631209;8.292182992931162
A;15.018898825025673;18.601893646295494
A;10.356028153053758;22.389757160616913
A;12.478320549797932;15.033155320030216
E;9.48139968948782;32.25260260648744
B;10.920054413881445;16.86983577851321
B;11.56288385948865;20.73159753445266
D;12.358208894683939;24.61414362947489
D;12.020473441294273;17.156648872787684
B;11.631613700153254;8.997275189271289
C;9.138317864492372;18.213745575042534
C;8.599333311892272;27.691363613525763
C;10.498475771680816;18.8101816758966
A;11.759568951916247;15.498177040516639
D;9.332286528369126;27.01686936176769
B;12.036861128000213;18.849963175850156
B;12.850495165520977;17.68395471127359
B;7.875726069945819;21.97146458281151
A;8.042466522027812;26.009876362522117
A;9.505212376298795;36.48113795626155
C;10.445986603197314;26.37703469977325
A;8.698409271089194;28.538959781524238
B;12.639625625621004;17.71121970657894
B;10.690540409188749;14.331857311198405
A;9.882838801305553;21.4051537725243
E;6.784589999876093;21.696604449187376
B;7.036786785502235;13.989667181130118
B;10.390119425591793;19.860585555623917
B;5.321549185074844;23.59556441117435
B;11.926538560252553;23.34255706761752
A;9.467876926818128;24.27787104699777
C;16.610495236148942;22.89127074589338
E;14.646624126293833;17.704443714744638
B;9.418956954580215;17.65964592678252
C;9.57669229468424;13.206815913039806
C;11.890721179404263;32.601037754703114
D;13.37666248082788;21.087427370025406
B;6.360138979384365;19.53845513733346
B;6.0486115227551585;14.962851470559018
B;8.4937269083358;40.08177636513056
C;11.023748924665115;14.023367790551179
D;10.843434540065955;18.212488483560524
A;12.046520055466086;23.702939435859392
B;7.280635190432854;24.901384277337804
E;4.936097887765359;27.226558358901947
D;11.601829810134506;32.74945530050021
E;8.060787826773009;24.29002476049463
C;5.561175484783861;14.13579980021666
B;10.104633866514702;19.32985668670842
B;11.465668945259223;23.00091042134025
C;9.543680022545319;34.443469269787855
A;8.838518389016773;11.914264390242069
B;9.465339312493597;28.816747283963977
C;9.021776198958356;22.16944340205171
A;6.969101064925649;26.445898478991623
C;8.299170578320094;20.337034341866442
B;10.894687800529011;15.524187904178877
E;10.47552493689065;25.880673066108656
A;10.152925592530323;25.253801676186537
B;7.710188188107904;27.31837027730819
C;9.4188433595151;20.913519870038872
B;5.228163402470005;17.101156848420977
C;10.17480099415932;10.86788453234503
C;12.800601186408493;26.325926242906142
A;6.704322522711578;23.755281635885908
B;8.569551886032714;14.722412886384266
B;10.491124235291274;17.499271123571944
B;12.430969532297716;17.966067722315636
E;8.858728305769686;11.360601192114283
D;8.346274308541618;15.685064422066631
C;5.665261400926226;13.630102680758698
C;10.017220071547024;18.31888642272841
B;14.088359684301864;16.198466260857842
E;10.38245277012582;10.424468014366132
C;9.753214143714203;34.14683649870163
C;10.47637285261067;29.14151475169
D;9.776706791707936;15.936373760120095
B;8.092669818253729;22.770739078248464
D;11.528887822923181;23.713523083838417
A;10.274099198534685;28.7420580560276
B;9.83698782906068;15.67906732670949
B;7.751731342715676;28.09869409588577
E;12.537366657062995;17.43861552265492
D;11.195875765199531;12.316894372904013
C;8.638866241528666;25.706887635544234
C;11.903832192732068;29.389929756795784
B;8.755101239391065;37.82140832794945
E;8.157792665726824;13.201785776913614
B;8.204623453291397;25.54297795302513
B;6.080756038515009;18.336291915342034
A;10.790238998878232;26.091831618406204
C;5.954595755489465;11.441817916996872
C;7.2202679543418995;12.791996457959334
B;5.441265180935081;15.956813649417855
A;9.619253645139125;21.51326629684255
D;9.48432703342907;16.83297176750069
A;9.113937952308635;25.283853235437228
C;7.6105868411917905;27.674815018676444
E;7.338309117783057;24.897254018094813
B;10.775176713447806;31.522119657795642
B;8.643840943412176;23.70287309145973
C;10.464352475225905;13.090171382788913
D;7.940977759139134;29.861947337999208
B;10.180231759819273;17.066484468561015
E;12.536883878363735;26.917720247956204
A;11.030948180824845;31.229272407608192
B;8.933930981745393;23.968472069747595
C;10.340117837747448;11.274967714429778
D;9.294603133486554;15.031620917686354
A;9.81654838785893;29.59783903475338
D;9.116216790488144;19.900702543321692
B;9.454896067640679;21.51722797712408
B;10.245396041455768;25.93235870506346
A;7.713946730877904;25.5260986035221
D;7.666654463321047;22.812198780505494
A;6.884060636954457;19.643655587066974
B;6.43943068054221;18.967655102739677
B;7.243706346336994;26.57634236439373
D;10.134871264288671;24.598201951940656
C;7.925146217467044;19.327549995984366
C;10.878590374885302;28.033730034455417
B;9.87289887238038;20.161278251656405
C;5.666141151780088;15.464195866826444
B;11.17544872686555;16.06669045712826
D;11.502677155742592;14.63818456398652
E;7.712888382846808;19.229334892076032
A;10.682402240079483;29.019207809185254
C;8.001353701440683;15.766881323301693
A;10.005107791171506;22.22509244661767
B;7.144553345394573;16.731519253421816
B;6.034476449677389;19.307991231735656
B;8.996083901812767;11.18473212209586
B;9.540169212822844;19.566501510482507
C;8.964872643409333;19.740915031267747
B;7.3135358277326254;24.51187163623202
C;8.960211969524613;22.451325936159908
B;10.365518980419543;13.210451187811707
A;9.705724636742673;28.047288586283027
C;10.183252164258349;22.36696976144297
B;8.39275807904611;22.289557861653662
B;12.260607620903937;20.9403147029966
C;7.3300359932349615;17.63457659305557
B;10.82387662388211;22.41571520836672
A;12.28197129521592;24.091324833535786
B;10.809906994772682;9.645178006253893
E;9.374699123163857;17.498054557250377
C;8.690576202007744;19.34284469237667
C;11.97578406719714;22.665108937012807
C;6.811752656950487;28.756521538526318
A;7.762739053202749;15.983684705120915
B;8.965128692467387;17.763247995684026
C;12.399072890775198;17.668528280797425
A;10.597512035685883;15.79007066432048
B;7.767103907128485;18.743287781770295
B;9.148353818691703;26.010214429921813
B;8.509921397397783;14.150069280131753
E;8.309443116309577;23.78079356849387
A;11.855668072969237;9.93763550488082
B;6.919339428546639;17.351303023125663
A;13.178439797042184;18.85831954858309
E;11.539282349387708;31.886587873941423
A;12.090809508267768;19.21378501910753
B;8.827827024746957;6.6919174225690305
C;9.48512448993387;8.007222105401876
C;6.790381189498106;21.221192311253425
B;8.698208945159715;24.989510562634408
B;10.836675180050618;23.440463074577142
B;12.521732429740933;22.089205687706436
B;7.474970684714852;28.554687383786835
A;9.032437532330942;17.492657065208643
B;9.482271637511705;26.816918614174362
B;6.868842675395782;10.391903247328287
B;11.041833407692641;15.11783908590257
C;8.279620303340522;9.254230932943194
E;9.38968026252825;19.21350554564635
C;8.850906318985057;20.699302087768775
A;8.142389137988685;21.74165969947238
A;9.785205530490837;21.40224179376638
E;9.347219885007153;14.970903349723768
B;9.019098447214803;19.7634345113141
A;8.27023059447128;11.266596654062635
B;10.471001808644207;29.860988338359626
C;13.2725962638338;19.026430526162994
C;10.093763188962168;17.822240226216007
B;11.891848251313371;31.32811213488654
A;6.880533957177729;12.92539753193001
E;10.131299022516917;13.683683758792201
B;7.495526530160761;13.874567888354328
C;6.6984576521830075;20.558836018953368
C;8.247320044336025;23.805605592644383
C;12.302988602268504;25.807890542765918
B;11.795033240206257;37.7179695637173
B;10.31030991631424;6.378689047695035
B;6.5813288242311465;24.95678132930871
D;9.387810632085333;17.378651278280497
E;10.433570018693645;17.188301532222972
A;10.168626082115056;16.971481166349797
A;5.928033474690435;15.092997139748174
E;7.93033251915827;31.949411424922438
C;9.665436695287696;26.47493262559037
D;10.9262109099861;21.150773860622937
A;5.188131575690113;29.781602391165503
B;9.459539651492298;11.168561725557309
C;10.100402416745801;12.35041664634898
C;11.584185175884048;6.84320974073453
B;11.255000926898617;16.45380548919863
A;11.023399769498491;22.051040423580893
B;8.120124935925938;21.66858075656017
B;5.793195512041055;21.970722421889224
B;8.97458921017106;11.828130598070468
E;11.903426832937978;26.220505826991143
B;12.726254507801308;22.557578868553488
D;11.29215311482535;25.76485282952899
A;10.701615727883643;8.697045845664663
C;10.597243261610528;23.024690582185634
E;8.63215063180236;13.279525940536075
A;9.5268733835374;18.41739885841615
A;13.305046004235296;24.47337184113649
B;7.820628187837061;21.592108440663434
A;13.191035460490689;15.464990131434428
C;9.123740875566678;21.040775515198717
E;12.583407429099665;11.04502045091632
B;6.84568848005517;28.476738073338925
B;11.030398822445765;19.665653873274366
B;8.252782714509994;28.270574637659617
C;6.827938896959207;17.57754403387572
A;10.258921489062987;17.596756075357213
B;11.919890756051535;16.032785886853997
C;8.025622978953658;26.69513055600499
C;6.652066483037358;16.388697477364907
B;9.607125994896595;25.189870310698648
C;9.61638580956792;18.514059415149614
A;10.951471217864448;8.156238550704472
A;11.794148599865427;17.29295855938797
D;9.675228119327762;13.335796606641487
C;13.696556961067953;21.220367703935192
A;10.270892963524114;13.262349718115814
B;9.072504337385512;27.01883815464501
A;6.415708545884062;20.408006907705325
B;9.248415007336048;19.845626034068196
B;9.093587414636614;25.263298895619286
A;11.816640072191088;27.265395071493106
B;10.771215610540395;20.869358113497263
C;7.323324844571505;15.98719805292961
C;10.16173421146318;9.469197495271159
C;11.210215460631012;16.54067657927133
A;13.00886585471445;16.98812039678825
E;11.663758331569525;21.69587344444993
D;11.397777974054105;18.756545272602825
D;9.926180588691844;25.47156431833428
D;10.615455211389245;17.015608736740518
E;12.423960291482935;20.629232415455878
B;7.0011674652927365;28.69591838077978
A;9.066177412844393;23.221863890707283
C;8.177605627611895;20.60975597902433
C;10.596221549324861;17.08736112742135
C;12.383466568866655;16.88399592135265
B;8.546353997885745;15.47101385581234
A;4.780360828314181;17.483455372411154
B;8.934336435448614;25.911827951838045
E;11.718294837236554;19.557726236600253
B;10.929022796194747;12.226475049021998
B;10.69919112040221;32.493100404888594
B;9.212014066063594;23.07977374244356
B;7.114035453938449;11.854867896664398
D;10.882118075411382;18.127981972934645
C;8.048008198927288;21.720761488384717
C;14.38660314009896;32.07984860643295
B;10.998065137544485;13.79726902131735
C;8.580638564636704;27.344264675813655
B;8.516090980483881;30.09666177532023
C;9.604817166111465;16.913747017015293
B;9.297045963754327;19.19616147740848
B;12.145350928612904;14.263989892070494
C;10.191473956462499;19.67750258297802
E;8.263573348292091;20.76216516677095
A;13.769925438827144;25.28772498753541
D;9.903547496192468;28.086192561632906
B;11.414563319534684;16.137375579959294
B;8.522724334366007;8.212387082531036
A;10.5625428182635;20.861908934704427
B;10.453330981400711;22.907993944796164
B;5.831736486598079;22.62121496995277
A;14.032077731967345;18.876623891191215
B;12.51035336793735;21.810888647815574
E;8.965889836093426;30.85039125428961
A;7.485233545042704;23.481272098256312
C;10.52987938898746;18.57310523747995
B;9.982065168770234;17.74871418887603
C;10.546904791982783;19.89595967509475
B;10.20231253200759;31.63880975189916
A;10.863106077542446;19.808545388079718
A;12.839341968722795;20.8713367606154
A;10.993016730770158;17.86496178891403
A;7.595723452289125;28.14339182337277
C;12.66138199069615;33.73894215584039
D;13.245290583325405;23.928984821304024
D;16.41931914247538;21.53802387460527
C;7.440662530196844;21.239088415632526
A;10.310052227615579;5.502005872892653
B;5.427592723303127;25.843480617851313
B;10.96161322839634;21.872081703972984
B;8.648779373849779;23.78422332929471
B;13.839236169132402;16.375495738455918
B;8.173308562960978;18.501030286648906
B;6.252715620268751;18.328337912729374
B;8.81034614452471;27.640549396474754
D;5.651475680444012;18.538061062079894
C;11.377308854465351;34.53729209371369
B;5.463325602861727;23.800605723597744
E;9.859760920484634;12.708062710027745
E;5.436595178301987;20.16444909386228
B;9.127374610473053;16.764111705983296
B;13.251094127189521;6.736513946169842
B;10.55736057201517;31.396561110739633
E;7.986663429573639;25.570426524430026
D;9.734472673227925;24.46584756634553
A;9.837835431293339;22.075123791948077
B;10.792523726271153;12.016885803499155
B;6.9295974371102655;17.85648859288966
B;11.044391275079395;26.471575036096084
A;4.1207775736341725;14.167069806413732
D;8.477242440036;4.543499444369711
C;8.774624930851758;19.523810949423982
D;11.129986334749601;20.078575898821
D;9.847524790621426;21.88116220669561
C;6.848317586901798;25.735371182844485
B;7.731514435784269;25.144437779502855
C;10.217228020049555;22.68200373408549
A;9.633958582084432;28.77095402256361
C;8.583839369764933;11.126696424713455
A;8.790249042024843;24.279781794103037
C;11.261952794034508;25.072499361690127
B;8.712845596974649;12.942845140478443
A;9.615008387538946;11.23134104356447
A;14.356866834969141;16.151376177908592
A;6.810266462543762;16.699980623650603
C;5.9111302636932175;25.897226512765798
C;11.445538296077075;17.005497906007882
B;8.374849571282384;15.433734631172175
A;9.131701191740499;17.024380711485364
A;8.159571605924661;28.271110172002377
A;9.254419704388225;21.084781933450188
A;13.156930035402318;19.834868335180072
D;11.484469763098051;20.284964258443164
B;11.610669374962653;29.398392173122396
B;6.825923182835445;16.13038377707893
A;7.382577153238975;29.550803891110675
B;3.8379348150806036;22.368225942989774
B;8.100300275726218;19.95727401716024
C;11.809076691409883;37.25585323657283
B;10.885587683071579;14.138343316309124
A;9.33482214780054;18.70104256281446
B;9.75316940419209;12.989196945434
B;8.353340360591648;27.191002808485102
A;10.229993653043747;31.979728068735913
E;11.408344386909292;31.854498079130153
C;6.406637746438008;28.95566689544903
B;10.429260144458432;19.715466959326225
B;11.758113229004802;18.625933646315996
B;8.928289393176925;10.137396478788578
B;11.271471285453227;34.23317797868165
C;15.710774333392362;24.04835750796504
C;9.580880134727527;17.80228011834836
A;10.62594480501118;29.63236977841529
B;8.25008012431108;14.677030641059995
B;10.180627441464306;23.643043222447382
D;10.766570412462839;19.877910627109575
C;10.209168914567291;25.151401409221954
B;7.658639828611401;20.58677199529021
A;10.233359719783447;11.568968707777042
C;12.870611471307038;21.491246422355246
A;10.742135105480507;27.817616922189856
B;11.820173097050867;20.810093361949097
A;9.302274862973482;26.038248290329058
C;11.374790502789793;14.204058343118655
A;10.386462460254705;20.829304843745962
B;7.803087467656813;16.940682041924248
D;10.468894110077636;25.855375460680612
A;7.717437006775349;21.20469515470297
B;8.470951422741937;25.48547889618798
B;10.197589445313987;28.07011777002613
A;10.42421297409826;25.495520738289024
C;7.3026118233380295;22.775269822908687
A;12.01337011948404;14.511620319675867
B;11.001213184430995;20.98189028066514
B;8.320070285217145;17.534912386897084
C;6.571071927456732;18.763584281422528
C;9.495700383928995;18.56552802012337
B;8.863518200891564;14.63048376391541
A;10.037594959811349;8.277299170629066
C;9.03745501157331;16.657070185869514
B;5.584340592435479;22.256966437507035
D;8.984471429567568;12.236849204721313
D;9.158199866756544;21.10193453706556
D;11.130688152025524;33.35174475802127
B;8.333780683316796;27.649867609139555
B;13.32521681408239;31.68301980928344
C;5.785554843631311;23.54233120006272
B;12.553451745385512;28.5888138494119
A;9.32893016115598;16.294229251959383
D;11.60512823192147;16.8117882643571
D;9.96758311652334;3.195588660106427
B;12.193066625653486;28.709945581274944
A;8.986539874439098;31.01210586882926
